{
	"class_name" : "PinholeCameraParameters",
	"extrinsic" : 
	[
		0.97755114724905612,
		-0.20245368582081164,
		-0.058363169975784356,
		0.0,
		-0.10180077193505019,
		-0.69635272715822771,
		0.71044315903014155,
		0.0,
		-0.18447318869006982,
		-0.68855310940904713,
		-0.70133034882118916,
		0.0,
		-0.52787284287172143,
		-0.36414604343133239,
		3.9312582382518446,
		1.0
	],
	"intrinsic" : 
	{
		"height" : 1080,
		"intrinsic_matrix" : 
		[
			935.30743608719376,
			0.0,
			0.0,
			0.0,
			935.30743608719376,
			0.0,
			959.5,
			539.5,
			1.0
		],
		"width" : 1920
	},
	"version_major" : 1,
	"version_minor" : 0
}