{
	"class_name" : "PinholeCameraParameters",
	"extrinsic" : 
	[
		0.96745416194880685,
		0.20612694433476328,
		-0.14677917886112252,
		0.0,
		0.1490498245858812,
		0.0045563936959579117,
		0.98881918926940615,
		0.0,
		0.20449106170894132,
		-0.97851465093564183,
		-0.02631508285088837,
		0.0,
		0.047881959829963537,
		-0.10495535371666823,
		3.4527968593430072,
		1.0
	],
	"intrinsic" : 
	{
		"height" : 1080,
		"intrinsic_matrix" : 
		[
			935.30743608719376,
			0.0,
			0.0,
			0.0,
			935.30743608719376,
			0.0,
			959.5,
			539.5,
			1.0
		],
		"width" : 1920
	},
	"version_major" : 1,
	"version_minor" : 0
}