{
	"class_name" : "PinholeCameraParameters",
	"extrinsic" : 
	[
		0.9887468481338394,
		0.12667281968443309,
		-0.079584339279744024,
		0.0,
		0.13281502102367934,
		-0.98812147175699838,
		0.07730541535534996,
		0.0,
		-0.068846499517970505,
		-0.087005481470874418,
		-0.99382604398261953,
		0.0,
		0.49646218131935099,
		0.58423993459043999,
		5.9889227659231024,
		1.0
	],
	"intrinsic" : 
	{
		"height" : 1080,
		"intrinsic_matrix" : 
		[
			935.30743608719376,
			0.0,
			0.0,
			0.0,
			935.30743608719376,
			0.0,
			959.5,
			539.5,
			1.0
		],
		"width" : 1920
	},
	"version_major" : 1,
	"version_minor" : 0
}