{"z0": 50.0, "z1": -55.882080078125, "uv": [[0.09748362004756927, 0.345252126455307], [0.09748362004756927, 0.6678062081336975], [0.4358079433441162, 0.3907320201396942], [0.4358079433441162, 0.6189364790916443], [0.5693359375, 0.39243799448013306], [0.5693359375, 0.6170805096626282], [0.794940710067749, 0.2869848310947418], [0.794940710067749, 0.7284557223320007], [0.8046875, 0.25744444131851196], [0.8046875, 0.7582945823669434], [0.9092309474945068, 0.34096232056617737], [0.9092309474945068, 0.6723501086235046]]}